,zone,rhythmic
oat,Pericentral,False
cyp2e1,Pericentral,False
glul,Pericentral,False
cyp2c29,Pericentral,False
cyp2f2,Periportal,False
cyp2c50,Pericentral,False
cyp1a2,Pericentral,False
cyp2c37,Pericentral,False
rgn,Pericentral,False
pigr,Periportal,False
hsd17b13,Periportal,False
gulo,Pericentral,False
cyp2c54,Pericentral,False
hal,Periportal,False
cyp4a10,Pericentral,False
csad,Pericentral,False
gls2,Periportal,False
slco1b2,Pericentral,False
cyp3a11,Pericentral,False
hpx,Periportal,False
aldh1a1,Pericentral,False
sfxn1,Periportal,False
slc22a1,Pericentral,False
lect2,Pericentral,False
pon1,Pericentral,False
acaa1b,Pericentral,False
akr1c6,Pericentral,False
ass1,Periportal,False
uroc1,Periportal,False
car3,Pericentral,False
alb,Periportal,False
mug2,Periportal,False
gstm6,Pericentral,False
cyp2c67,Pericentral,False
gstm1,Pericentral,False
blvrb,Pericentral,False
gstm2,Pericentral,False
fitm1,Pericentral,False
serpina12,Periportal,False
serpina1e,Periportal,False
cps1,Periportal,False
lpl,Pericentral,False
fbp1,Periportal,False
gm2a,Periportal,False
nrn1,Pericentral,False
tsc22d1,Pericentral,False
apoa4,Periportal,False
cyb5a,Pericentral,False
aldh1b1,Periportal,False
cyp4a12b,Pericentral,False
cyp4a12a,Pericentral,False
ces3b,Periportal,False
asl,Periportal,False
serpind1,Periportal,False
mgst1,Pericentral,False
ctsc,Periportal,False
elovl2,Periportal,False
c8a,Periportal,False
cyp2c68,Pericentral,False
gstm3,Pericentral,False
cyp2c40,Pericentral,False
apoa5,Periportal,False
gstt1,Pericentral,False
neat1,Periportal,False
cpox,Pericentral,False
entpd5,Pericentral,False
sepp1,Periportal,False
fam25c,Pericentral,False
igf1,Periportal,False
fgb,Periportal,False
c3,Periportal,False
itih3,Periportal,False
itih4,Periportal,False
cyp2c69,Pericentral,False
ang,Pericentral,False
hpd,Pericentral,False
ugt2b1,Pericentral,False
cyp7b1,Pericentral,False
afm,Periportal,False
cldn2,Pericentral,False
trf,Periportal,False
hc,Periportal,False
serpina1b,Periportal,False
rdh16,Pericentral,False
c8b,Periportal,False
serpinf2,Periportal,False
sult2a8,Pericentral,False
fads1,Periportal,False
hp,Periportal,False
akr1c20,Pericentral,False
nnmt,Periportal,False
ahsg,Periportal,False
serpina1d,Periportal,False
aox3,Periportal,False
ambp,Periportal,False
hrsp12,Periportal,False
chpt1,Pericentral,False
plpp3,Pericentral,False
rarres1,Pericentral,False
tat,Periportal,False
serpina1c,Periportal,False
cml2,Pericentral,False
ccl9,Periportal,False
fga,Periportal,False
plg,Periportal,False
chp1,Pericentral,False
cib3,Periportal,False
sdc1,Periportal,False
serpinc1,Periportal,False
acot1,Pericentral,False
serpina7,Pericentral,False
paqr9,Pericentral,False
slco2a1,Periportal,False
orm1,Periportal,False
atp5g1,Periportal,False
foxq1,Periportal,False
4931406c07rik,Pericentral,False
aldh1l1,Periportal,False
cfi,Periportal,False
hsd17b10,Pericentral,False
phldb2,Pericentral,False
inmt,Pericentral,False
cyp2c38,Pericentral,False
gc,Periportal,False
igfbp2,Midzone,False
gas2,Periportal,False
arpp19,Pericentral,False
ost4,Pericentral,False
cyp2d9,Pericentral,False
c6,Pericentral,False
igfals,Periportal,False
tlcd2,Pericentral,False
mt-co2,Periportal,False
wfdc21,Midzone,False
cbs,Periportal,False
ugt2b34,Pericentral,False
rmdn2,Pericentral,False
qsox1,Periportal,False
mt-cytb,Periportal,False
lgals1,Pericentral,False
kng1,Periportal,False
errfi1,Periportal,False
hgfac,Periportal,False
serpina1a,Periportal,False
serpinf1,Periportal,False
rps19,Pericentral,False
alad,Pericentral,False
ahr,Pericentral,False
atp5a1,Periportal,False
slc16a10,Pericentral,False
cd36,Pericentral,False
ugdh,Pericentral,False
f7,Periportal,False
alcam,Periportal,False
rpl37,Pericentral,False
hsd3b5,Pericentral,False
hmgcl,Pericentral,False
rpl36a,Pericentral,False
gm42418,Periportal,False
itih2,Periportal,False
cfh,Periportal,False
fabp2,Pericentral,False
rpl37a,Pericentral,False
gnmt,Periportal,False
lamp1,Periportal,False
cyp27a1,Pericentral,False
ces1g,Pericentral,False
frmd4b,Periportal,False
ugt2b38,Periportal,False
prodh,Pericentral,False
slco1a1,Pericentral,False
acaca,Periportal,False
abcc3,Pericentral,False
cpn2,Periportal,False
apoc1,Pericentral,False
rpl36,Pericentral,False
apom,Periportal,False
marc1,Periportal,False
rpl18a,Pericentral,False
sult1d1,Pericentral,False
tsku,Pericentral,False
cyp2d40,Pericentral,False
psmd4,Pericentral,False
selenbp2,Periportal,False
apoc3,Periportal,False
f10,Periportal,False
abhd2,Periportal,False
me1,Pericentral,False
prdx1,Pericentral,False
lsr,Periportal,False
bc089597,Midzone,False
st6gal1,Periportal,False
herpud1,Periportal,False
rpl35,Pericentral,False
apoa2,Pericentral,False
rps15a,Pericentral,False
slc22a7,Periportal,False
rpl11,Pericentral,False
cryl1,Periportal,False
mme,Pericentral,False
crot,Pericentral,False
tmem243,Pericentral,False
acaa1a,Pericentral,False
c2,Periportal,False
rps27l,Pericentral,False
dhrs1,Pericentral,False
creg1,Pericentral,False
vcp,Pericentral,False
serpina3k,Periportal,False
plxna2,Periportal,False
mt-nd3,Periportal,False
cebpb,Pericentral,False
hibadh,Pericentral,False
rtn4,Periportal,False
rpl39,Pericentral,False
tex264,Pericentral,False
tbx3,Pericentral,False
ppm1k,Pericentral,False
c4b,Periportal,False
gda,Pericentral,False
etnk1,Periportal,False
h2-q7,Periportal,False
abcg2,Pericentral,False
aw112010,Pericentral,False
mt-co3,Periportal,False
maob,Periportal,False
rarres2,Periportal,False
c4bp,Pericentral,False
rhbg,Pericentral,False
celf2,Pericentral,False
toporsos,Pericentral,False
mt-nd4,Periportal,False
cyp39a1,Periportal,False
rpl32,Pericentral,False
cyp2u1,Periportal,False
atox1,Pericentral,False
hmgcs1,Pericentral,False
spp1,Periportal,False
ccdc107,Pericentral,False
acat1,Pericentral,False
cib2,Pericentral,False
cyp2c70,Pericentral,False
fn1,Periportal,False
nxpe2,Pericentral,False
rpl35a,Pericentral,False
cxcl12,Periportal,False
otc,Periportal,False
cfhr2,Periportal,False
ugt2b36,Pericentral,False
gapdh,Periportal,False
clec2h,Periportal,False
tdo2,Periportal,False
ctsz,Periportal,False
atp11c,Pericentral,False
cyp4v3,Periportal,False
avpr1a,Pericentral,False
cmbl,Pericentral,False
ece1,Periportal,False
idh1,Pericentral,False
aadac,Periportal,False
sepw1,Pericentral,False
fgfr2,Periportal,False
qprt,Periportal,False
anapc13,Pericentral,False
ugt3a1,Pericentral,False
saa1,Periportal,False
bdh1,Pericentral,False
cela1,Pericentral,False
gm4788,Periportal,False
srebf1,Periportal,False
rps17,Pericentral,False
hprt,Pericentral,False
pebp1,Pericentral,False
ccbl1,Periportal,False
gpi1,Periportal,False
rpl24,Pericentral,False
rplp2,Pericentral,False
h2-q10,Periportal,False
gsr,Pericentral,False
fermt2,Pericentral,False
txndc17,Pericentral,False
tstd1,Periportal,False
npr2,Pericentral,False
h2-d1,Periportal,False
hsd17b11,Pericentral,False
slc6a13,Periportal,False
ldhd,Pericentral,False
2200002d01rik,Pericentral,False
ran,Pericentral,False
tmprss6,Periportal,False
grn,Periportal,False
h13,Periportal,False
kng2,Periportal,False
rplp1,Pericentral,False
lbp,Periportal,False
sdhb,Periportal,False
ube2e2,Pericentral,False
dynlrb1,Pericentral,False
slc41a2,Periportal,False
slc19a2,Pericentral,False
tsc22d3,Pericentral,False
nfyb,Pericentral,False
slc17a2,Periportal,False
atf5,Periportal,False
rpl31,Pericentral,False
bet1,Pericentral,False
aars,Pericentral,False
rps13,Pericentral,False
sdsl,Periportal,False
gm5424,Periportal,False
slc25a51,Periportal,False
azgp1,Periportal,False
pdia6,Periportal,False
egfr,Periportal,False
mrps21,Pericentral,False
tubb4b,Pericentral,False
pcsk6,Pericentral,False
btg2,Periportal,False
abcb11,Periportal,False
gtf2h5,Pericentral,False
apof,Periportal,False
slc13a3,Pericentral,False
mpc2,Pericentral,False
msmo1,Pericentral,False
slc25a39,Periportal,False
dnajc19,Pericentral,False
itm2b,Pericentral,False
abcd3,Pericentral,False
pctp,Pericentral,False
gm11808,Pericentral,False
nrp1,Pericentral,False
wsb1,Periportal,False
1810022k09rik,Pericentral,False
sult1b1,Pericentral,False
cxcl1,Periportal,False
c1d,Pericentral,False
col18a1,Periportal,False
prdx4,Periportal,False
bdh2,Periportal,False
lamtor2,Pericentral,False
il13ra1,Periportal,False
uqcrq,Pericentral,False
tlr12,Pericentral,False
slc6a6,Periportal,False
rpl27a,Pericentral,False
vnn1,Pericentral,False
akip1,Pericentral,False
slc26a1,Periportal,False
btg1,Periportal,False
rps24,Pericentral,False
cp,Periportal,False
hmgcr,Midzone,False
lsm6,Pericentral,False
bola3,Pericentral,False
rpl26,Pericentral,False
serpina3n,Periportal,False
bc048546,Pericentral,False
tpi1,Periportal,False
ubl5,Pericentral,False
c8g,Midzone,False
gcdh,Pericentral,False
tomm7,Pericentral,False
acsm3,Pericentral,False
gchfr,Pericentral,False
sgpl1,Periportal,False
cpb2,Periportal,False
slirp,Pericentral,False
serping1,Periportal,False
apon,Periportal,False
slc16a7,Pericentral,False
surf4,Periportal,False
abhd6,Pericentral,False
pdcd5,Pericentral,False
mat2a,Pericentral,False
actb,Pericentral,False
suox,Pericentral,False
app,Periportal,False
nmt2,Pericentral,False
rpl36-ps3,Pericentral,False
dlat,Pericentral,False
cd81,Pericentral,False
susd4,Pericentral,False
slc20a1,Periportal,False
gcnt2,Periportal,False
mst1,Periportal,False
slc25a16,Pericentral,False
sdc4,Periportal,False
slc3a1,Periportal,False
mt-nd6,Periportal,False
mrpl52,Pericentral,False
ero1lb,Periportal,False
ivns1abp,Periportal,False
tff3,Periportal,False
b2m,Periportal,False
agt,Periportal,False
serpina10,Periportal,False
sgk2,Pericentral,False
cs,Pericentral,False
dhcr7,Periportal,False
gm10116,Pericentral,False
cyp2c55,Pericentral,False
mdh1,Periportal,False
hint3,Pericentral,False
smim4,Pericentral,False
akr1a1,Pericentral,False
osbpl9,Pericentral,False
cdk6,Pericentral,False
sgpp1,Pericentral,False
dpyd,Periportal,False
esr1,Periportal,False
tcn2,Periportal,False
rps23,Pericentral,False
onecut2,Pericentral,False
chuk,Pericentral,False
rpl13,Pericentral,False
scarb2,Periportal,False
smim22,Periportal,False
cox5b,Midzone,False
slc39a14,Periportal,False
acadm,Pericentral,False
acat3,Periportal,False
psmd14,Pericentral,False
kynu,Periportal,False
clec2d,Periportal,False
agxt2,Pericentral,False
spin1,Periportal,False
kcnq1ot1,Periportal,False
notum,Pericentral,False
arl6ip1,Pericentral,False
uck1,Pericentral,False
h2-q1,Pericentral,False
hjurp,Pericentral,False
nadk2,Pericentral,False
ptk2b,Pericentral,False
gadd45g,Periportal,False
psmb7,Pericentral,False
ttc38,Pericentral,False
pfdn5,Pericentral,False
tbcel,Pericentral,False
khdrbs3,Pericentral,False
gng5,Pericentral,False
krtcap2,Pericentral,False
mt-nd5,Periportal,False
gstm4,Pericentral,False
sec61g,Pericentral,False
hist1h2bc,Pericentral,False
idh2,Pericentral,False
rbp1,Periportal,False
slc17a8,Pericentral,False
ube2h,Pericentral,False
aldh6a1,Pericentral,False
fos,Periportal,False
rora,Periportal,False
galk1,Pericentral,False
ninj1,Periportal,False
pah,Pericentral,False
mdfic,Pericentral,False
rps11,Pericentral,False
ptma,Periportal,False
aass,Periportal,False
gm17634,Pericentral,False
fst,Periportal,False
irf2,Periportal,False
uqcrh,Periportal,False
hebp1,Pericentral,False
gpx1,Periportal,False
mmd2,Periportal,False
tgm2,Periportal,False
psmd1,Pericentral,False
ctsl,Periportal,False
ifit1,Pericentral,False
os9,Periportal,False
gabarapl2,Pericentral,False
sult1a1,Periportal,False
nudcd2,Pericentral,False
csrp2,Pericentral,False
itih5,Periportal,False
dio1,Pericentral,False
myo10,Periportal,False
fbxl5,Pericentral,False
decr1,Pericentral,False
1810008i18rik,Midzone,False
ap3s1,Pericentral,False
acbd5,Pericentral,False
cyp8b1,Pericentral,False
lifr,Pericentral,False
cadm1,Periportal,False
fdx1,Pericentral,False
spcs2,Periportal,False
gm2000,Pericentral,False
oaf,Periportal,False
plbd1,Pericentral,False
iyd,Periportal,False
map1lc3a,Pericentral,False
crls1,Pericentral,False
dhcr24,Pericentral,False
dstn,Pericentral,False
pigp,Pericentral,False
rpl30,Pericentral,False
agmat,Pericentral,False
apol9b,Midzone,False
g0s2,Pericentral,False
ccbl2,Periportal,False
psmb1,Pericentral,False
pank1,Pericentral,False
calu,Periportal,False
smim1,Periportal,False
jun,Pericentral,False
tbx3os1,Pericentral,False
ept1,Pericentral,False
pafah2,Pericentral,False
usp25,Pericentral,False
degs1,Periportal,False
ttc23,Periportal,False
tceb2,Pericentral,False
plxnb1,Periportal,False
dsg2,Periportal,False
ghr,Pericentral,False
kmo,Periportal,False
sdhd,Periportal,False
ier3ip1,Pericentral,False
b4galt5,Periportal,False
ppdpf,Pericentral,False
rbm25,Periportal,False
lsm1,Pericentral,False
ccnd1,Midzone,False
sulf2,Periportal,False
lsm12,Pericentral,False
rexo2,Pericentral,False
junb,Periportal,False
yme1l1,Pericentral,False
rps27,Pericentral,False
rp23-300e17.1,Pericentral,False
gm17196,Pericentral,False
tnfaip8l1,Pericentral,False
trib1,Periportal,False
ghitm,Pericentral,False
samm50,Periportal,False
fabp5,Midzone,False
mrpl42,Pericentral,False
zbtb44,Pericentral,False
fh1,Periportal,False
arf5,Pericentral,False
st6galnac6,Periportal,False
dcaf11,Pericentral,False
lrp1,Periportal,False
cox20,Pericentral,False
stra13,Pericentral,False
tle4,Periportal,False
tmem59,Pericentral,False
ulk2,Pericentral,False
pid1,Pericentral,False
fam213a,Periportal,False
gpd1,Pericentral,False
gm26917,Periportal,False
sqrdl,Periportal,False
dph3,Pericentral,False
zap70,Periportal,False
txnrd1,Pericentral,False
aadat,Pericentral,False
tfrc,Periportal,False
txndc11,Periportal,False
otud7b,Periportal,False
ldlr,Periportal,False
ifitm3,Midzone,False
nudt7,Pericentral,False
xdh,Pericentral,False
arhgef19,Pericentral,False
txndc5,Periportal,False
pdlim5,Pericentral,False
rcan2,Pericentral,False
rpl22,Pericentral,False
net1,Pericentral,False
pcp4l1,Pericentral,False
tenm3,Pericentral,False
gjb2,Periportal,False
gm16573,Midzone,False
slc23a1,Periportal,False
tmcc1,Periportal,False
car5a,Pericentral,False
rps26,Pericentral,False
cited2,Pericentral,False
mbl1,Pericentral,False
pdia5,Periportal,False
pdzk1,Pericentral,False
tm9sf3,Pericentral,False
itm2c,Periportal,False
p2rx4,Periportal,False
tmem97,Pericentral,False
hnmt,Periportal,False
krcc1,Pericentral,False
mfn2,Pericentral,False
leprotl1,Pericentral,False
mmadhc,Pericentral,False
pltp,Pericentral,False
stbd1,Pericentral,False
cyp3a13,Periportal,False
nudt4,Periportal,False
prdx3,Pericentral,False
hao1,Pericentral,False
gusb,Periportal,False
pcbd1,Pericentral,False
fchsd2,Periportal,False
glce,Periportal,False
psma5,Pericentral,False
tma7,Pericentral,False
ell2,Pericentral,False
fam134a,Periportal,False
golga7,Pericentral,False
krt18,Periportal,False
ppp1r3g,Pericentral,False
gm21286,Pericentral,False
aifm1,Pericentral,False
egln3,Pericentral,False
whamm,Periportal,False
pim1,Pericentral,False
gdap2,Periportal,False
gm3839,Periportal,False
pcyt2,Periportal,False
ginm1,Pericentral,False
rnf43,Pericentral,False
slc25a15,Periportal,False
irgm2,Periportal,False
fam20c,Periportal,False
cpn1,Periportal,False
creb3l3,Periportal,False
timm8b,Pericentral,False
arsg,Periportal,False
fndc4,Periportal,False
ablim1,Periportal,False
tsc22d2,Periportal,False
erp44,Periportal,False
tmem189,Pericentral,False
tgoln1,Periportal,False
calr,Periportal,False
sult5a1,Periportal,False
rps7,Pericentral,False
sorbs2,Periportal,False
plpp2,Periportal,False
slc25a3,Periportal,False
ammecr1l,Pericentral,False
smim11,Pericentral,False
mrps24,Pericentral,False
rhobtb1,Periportal,False
steap2,Periportal,False
pgrmc2,Periportal,False
pcsk9,Midzone,False
clstn3,Pericentral,False
eef2,Periportal,False
sh3bgrl2,Pericentral,False
2810428i15rik,Pericentral,False
gas6,Pericentral,False
txnl1,Pericentral,False
zfand6,Pericentral,False
crp,Periportal,False
ptprk,Periportal,False
stard4,Periportal,False
gm15638,Pericentral,False
gaa,Periportal,False
acsm5,Pericentral,False
aqp4,Periportal,False
slc16a11,Pericentral,False
rpl17,Pericentral,False
ptprj,Periportal,False
hsd17b7,Pericentral,False
gcc2,Pericentral,False
sema4g,Periportal,False
tmem41a,Periportal,False
nudt12,Pericentral,False
d1ertd622e,Periportal,False
lars2,Periportal,False
slc16a2,Pericentral,False
ifrd1,Pericentral,False
fam35a,Pericentral,False
cox7c,Pericentral,False
dynll1,Pericentral,False
oxsm,Pericentral,False
psma4,Pericentral,False
tcf25,Pericentral,False
cfap20,Periportal,False
rheb,Pericentral,False
as3mt,Periportal,False
canx,Periportal,False
tob2,Periportal,False
ufsp2,Pericentral,False
pole4,Pericentral,False
pparg,Pericentral,False
srp9,Pericentral,False
zcrb1,Pericentral,False
osgin1,Midzone,False
1110008p14rik,Pericentral,False
atxn7,Periportal,False
lcat,Periportal,False
tpp1,Periportal,False
clptm1,Periportal,False
snx7,Pericentral,False
tapt1,Pericentral,False
cwc15,Pericentral,False
stard5,Pericentral,False
ablim3,Pericentral,False
fam46c,Periportal,False
eif3e,Pericentral,False
psmb3,Pericentral,False
cst3,Pericentral,False
gpbp1l1,Pericentral,False
mlycd,Periportal,False
hsp90ab1,Pericentral,False
bcl7c,Pericentral,False
smarcc2,Pericentral,False
idh3a,Pericentral,False
calm1,Pericentral,False
atp5g3,Periportal,False
lgr5,Pericentral,False
ncstn,Periportal,False
ganab,Periportal,False
mgat2,Periportal,False
fetub,Periportal,False
bfar,Pericentral,False
ndrg1,Pericentral,False
avpi1,Periportal,False
ormdl3,Pericentral,False
masp2,Periportal,False
ttc39b,Pericentral,False
ttyh2,Periportal,False
ddx18,Pericentral,False
got2,Periportal,False
bphl,Pericentral,False
oard1,Pericentral,False
slc25a5,Periportal,False
dcaf12,Pericentral,False
prps1,Periportal,False
uqcc2,Pericentral,False
tcf24,Periportal,False
akr1c12,Pericentral,False
fam13a,Periportal,False
ebp,Periportal,False
c2cd2,Pericentral,False
rsrp1,Periportal,False
suclg2,Pericentral,False
gm10073,Pericentral,False
sdr42e1,Pericentral,False
trim8,Pericentral,False
prkcz,Pericentral,False
tm9sf2,Periportal,False
rps25,Pericentral,False
pex3,Pericentral,False
nolc1,Pericentral,False
setd7,Periportal,False
anxa6,Periportal,False
gdf15,Pericentral,False
swi5,Pericentral,False
lypla1,Pericentral,False
u2af1,Periportal,False
slc25a33,Pericentral,False
smdt1,Pericentral,False
bco1,Periportal,False
tcea1,Pericentral,False
pvrl2,Periportal,False
nnt,Periportal,False
lcp1,Pericentral,False
acsf2,Pericentral,False
asph,Periportal,False
mmp19,Pericentral,False
rpl5,Pericentral,False
kif1c,Periportal,False
cyp2c44,Periportal,False
gm5617,Pericentral,False
chd3,Pericentral,False
bcl9l,Pericentral,False
cox5a,Periportal,False
bc005561,Periportal,False
slc27a2,Pericentral,False
amacr,Pericentral,False
rnf14,Pericentral,False
sptan1,Periportal,False
acbd4,Periportal,False
klkb1,Periportal,False
urah,Pericentral,False
glrx,Pericentral,False
dag1,Periportal,False
1190007i07rik,Pericentral,False
ptges3,Pericentral,False
ranbp10,Periportal,False
g3bp1,Pericentral,False
angptl4,Pericentral,False
zfp750,Periportal,False
tomm40l,Periportal,False
ralbp1,Pericentral,False
gltpd2,Periportal,False
atp6v0d1,Pericentral,False
atf4,Periportal,False
d130020l05rik,Pericentral,False
vwa8,Pericentral,False
gm15417,Pericentral,False
rtf1,Pericentral,False
uqcrc1,Periportal,False
sptbn2,Periportal,False
prkar2a,Pericentral,False
hint2,Pericentral,False
slc33a1,Pericentral,False
hip1r,Pericentral,False
akr7a5,Pericentral,False
agtr1a,Periportal,False
msrb1,Pericentral,False
zfp787,Pericentral,False
l2hgdh,Pericentral,False
hspb6,Pericentral,False
bckdhb,Pericentral,False
gclm,Pericentral,False
psma6,Pericentral,False
slc25a21,Pericentral,False
habp4,Periportal,False
snx10,Pericentral,False
lactb,Pericentral,False
olfm3,Periportal,False
lasp1,Periportal,False
h2-t23,Periportal,False
gm10036,Pericentral,False
tmem86b,Periportal,False
ai317395,Pericentral,False
rsad2,Pericentral,False
trim44,Periportal,False
secisbp2l,Pericentral,False
glyctk,Periportal,False
btd,Periportal,False
ndufv3,Pericentral,False
myo1e,Periportal,False
lyrm9,Pericentral,False
oxr1,Pericentral,False
ncald,Pericentral,False
arl4d,Periportal,False
spryd7,Pericentral,False
hsd17b12,Pericentral,False
mylk,Pericentral,False
upb1,Pericentral,False
smyd2,Periportal,False
cyp3a59,Pericentral,False
ralgps2,Pericentral,False
ndrg2,Periportal,False
aldh8a1,Periportal,False
tmbim6,Periportal,False
denr,Pericentral,False
mrps5,Pericentral,False
slc16a6,Periportal,False
foxp1,Periportal,False
hpn,Periportal,False
slc35e2,Pericentral,False
scaf11,Pericentral,False
tgfa,Pericentral,False
bpnt1,Pericentral,False
rpn1,Periportal,False
thnsl2,Pericentral,False
gpc1,Periportal,False
ces1d,Pericentral,False
nfs1,Pericentral,False
mocs2,Pericentral,False
gnai2,Pericentral,False
ugt2b5,Pericentral,False
mrpl23,Pericentral,False
usp14,Pericentral,False
ppp3r1,Pericentral,False
brk1,Pericentral,False
ccng1,Pericentral,False
fam46a,Periportal,False
rbbp7,Pericentral,False
dym,Pericentral,False
cdc40,Pericentral,False
snrpg,Pericentral,False
cox16,Pericentral,False
tfr2,Periportal,False
itpr2,Periportal,False
nipal1,Periportal,False
akr1c13,Pericentral,False
ccdc162,Pericentral,False
slc25a42,Pericentral,False
atg12,Pericentral,False
rab5c,Pericentral,False
rhou,Periportal,False
ank3,Periportal,False
tsc22d4,Periportal,False
nsdhl,Pericentral,False
tpm2,Pericentral,False
rpa1,Pericentral,False
cyhr1,Periportal,False
calm2,Periportal,False
slc25a12,Periportal,False
nt5e,Pericentral,False
irf5,Periportal,False
atp6v1h,Pericentral,False
actn4,Periportal,False
mocos,Pericentral,False
ttc32,Pericentral,False
tox,Pericentral,False
galk2,Pericentral,False
srp19,Pericentral,False
cyp2b10,Pericentral,False
wdr89,Pericentral,False
uba1,Periportal,False
timd2,Periportal,False
stub1,Periportal,False
gm10269,Pericentral,False
cd302,Pericentral,False
2310039h08rik,Pericentral,False
nuak2,Pericentral,False
bptf,Periportal,False
ifih1,Periportal,False
arhgef3,Pericentral,False
dapk1,Periportal,False
sms,Pericentral,False
olig1,Pericentral,False
cebpzos,Pericentral,False
2810459m11rik,Periportal,False
fam234b,Periportal,False
trappc1,Pericentral,False
fam198a,Periportal,False
uqcc3,Pericentral,False
pnpla7,Periportal,False
tspan33,Periportal,False
cat,Pericentral,False
mtx2,Pericentral,False
ppara,Pericentral,False
dgcr6,Pericentral,False
cox6a1,Periportal,False
ctnna1,Periportal,False
abca6,Periportal,False
sec11c,Pericentral,False
nbeal1,Pericentral,False
larp1,Periportal,False
pabpc1,Pericentral,False
jup,Periportal,False
cdk11b,Pericentral,False
pipox,Pericentral,False
rnf213,Periportal,False
abca2,Periportal,False
tspan9,Periportal,False
dnajc22,Periportal,False
nedd8,Pericentral,False
slc25a37,Pericentral,False
dhx32,Pericentral,False
rpn2,Periportal,False
irs1,Pericentral,False
bcl3,Periportal,False
hnf1aos1,Pericentral,False
dpys,Pericentral,False
slc39a8,Periportal,False
tnfrsf19,Pericentral,False
cox8a,Pericentral,False
cfhr1,Pericentral,False
arsa,Periportal,False
herc4,Pericentral,False
lgals9,Periportal,False
mbd2,Periportal,False
zfp655,Pericentral,False
hax1,Pericentral,False
shoc2,Pericentral,False
tm6sf2,Periportal,False
slc22a3,Pericentral,False
dram2,Pericentral,False
igsf11,Pericentral,False
foxa2,Pericentral,False
them7,Pericentral,False
baiap2,Periportal,False
taok3,Pericentral,False
ppp2r5a,Periportal,False
spint2,Pericentral,False
smap2,Periportal,False
cecr2,Periportal,False
cpped1,Periportal,False
zbtb8b,Pericentral,False
otulin,Pericentral,False
pja2,Pericentral,False
ifit3,Pericentral,False
prpf19,Pericentral,False
zdhhc21,Pericentral,False
rffl,Pericentral,False
rrp1,Periportal,False
1700080g11rik,Pericentral,False
dnajb2,Pericentral,False
axin2,Pericentral,False
f9,Periportal,False
mavs,Periportal,False
tmem37,Periportal,False
bag4,Pericentral,False
nrbp2,Periportal,False
dusp16,Periportal,False
cops4,Pericentral,False
pde3b,Pericentral,False
sucla2,Periportal,False
trim25,Periportal,False
atp11b,Periportal,False
rpl21,Pericentral,False
chchd2,Pericentral,False
fam20a,Periportal,False
crim1,Pericentral,False
pex7,Pericentral,False
st3gal3,Periportal,False
pdlim1,Periportal,False
pgam1,Periportal,False
ddx24,Pericentral,False
rgp1,Pericentral,False
peli1,Periportal,False
0610040j01rik,Periportal,False
lrpap1,Periportal,False
1810011o10rik,Periportal,False
apob,Periportal,False
dexi,Periportal,False
mfsd4,Pericentral,False
il11ra1,Periportal,False
ctdnep1,Pericentral,False
lamtor4,Pericentral,False
sfxn2,Periportal,False
pla2g6,Pericentral,False
anpep,Pericentral,False
rtn4ip1,Pericentral,False
hdac2,Pericentral,False
arf6,Pericentral,False
hexa,Pericentral,False
mgat1,Periportal,False
mrpl30,Pericentral,False
atp13a1,Periportal,False
usp24,Pericentral,False
txndc15,Periportal,False
arhgap6,Periportal,False
hdhd3,Pericentral,False
arhgap35,Periportal,False
ubap1,Pericentral,False
emc7,Periportal,False
vwce,Periportal,False
larp4,Pericentral,False
ndufv1,Periportal,False
pex14,Periportal,False
tnfrsf1a,Periportal,False
gckr,Periportal,False
wdr18,Pericentral,False
mfge8,Periportal,False
proser2,Periportal,False
sub1,Pericentral,False
hn1l,Pericentral,False
id3,Pericentral,False
matr3,Periportal,False
ndufaf6,Pericentral,False
rps27a,Pericentral,False
snta1,Periportal,False
epb41l4b,Pericentral,False
ppp5c,Periportal,False
cript,Pericentral,False
dnajc12,Pericentral,False
unc50,Pericentral,False
shtn1,Pericentral,False
rilp,Periportal,False
mtif3,Periportal,False
mcm6,Pericentral,False
akt1,Periportal,False
hspa9,Periportal,False
clcc1,Pericentral,False
1110032a03rik,Pericentral,False
rbms2,Periportal,False
ccdc50,Periportal,False
crat,Pericentral,False
cds2,Periportal,False
wbp4,Pericentral,False
tdrp,Pericentral,False
itgav,Periportal,False
nfe2l1,Pericentral,False
slc35e3,Pericentral,False
cpsf6,Periportal,False
casc4,Pericentral,False
usp46,Pericentral,False
ar,Pericentral,False
umps,Periportal,False
chmp7,Periportal,False
fkbp9,Periportal,False
bcas2,Pericentral,False
aatk,Pericentral,False
2700094k13rik,Pericentral,False
rnf139,Periportal,False
tmem14a,Pericentral,False
eif5,Pericentral,False
kcnk5,Periportal,False
casp8,Pericentral,False
rps26-ps1,Pericentral,False
gm8186,Pericentral,False
arhgap26,Periportal,False
ten1,Pericentral,False
naa50,Pericentral,False
fam89a,Pericentral,False
lrrfip1,Periportal,False
il18,Pericentral,False
ngef,Periportal,False
d5ertd579e,Periportal,False
gga1,Periportal,False
arap2,Periportal,False
parva,Periportal,False
cox7a1,Periportal,False
zkscan1,Periportal,False
angptl3,Pericentral,False
pdk2,Periportal,False
rhot2,Periportal,False
ftsj3,Periportal,False
eif3b,Periportal,False
antxr2,Periportal,False
tiam2,Periportal,False
nt5dc3,Periportal,False
mtap,Periportal,False
urod,Pericentral,False
rp23-306p12.3,Pericentral,False
d630039a03rik,Pericentral,False
esf1,Pericentral,False
farp1,Periportal,False
sirt5,Pericentral,False
pfkl,Periportal,False
acot2,Pericentral,False
tcf7l1,Periportal,False
foxred1,Periportal,False
gemin6,Pericentral,False
mycn,Pericentral,False
dhdds,Periportal,False
psmg2,Periportal,False
cyr61,Pericentral,False
9030624j02rik,Pericentral,False
cfap36,Pericentral,False
wfdc2,Periportal,False
pkd2,Periportal,False
steap3,Periportal,False
prkab1,Periportal,False
cyb561,Periportal,False
lpin1,Periportal,True
elovl3,Pericentral,True
pck1,Periportal,True
por,Pericentral,True
hsp90aa1,Pericentral,True
rnase4,Pericentral,True
gpcpd1,Pericentral,True
thrsp,Periportal,True
gstp1,Midzone,True
gm10076,Pericentral,True
hspa5,Periportal,True
st3gal5,Periportal,True
mafb,Periportal,True
slc25a47,Periportal,True
ly6e,Periportal,True
alas1,Pericentral,True
gsta3,Pericentral,True
fmo5,Pericentral,True
hamp2,Midzone,True
ftcd,Periportal,True
fasn,Periportal,True
ttr,Midzone,True
serpina3c,Periportal,True
slc2a2,Periportal,True
arg1,Periportal,True
vtn,Periportal,True
gldc,Periportal,True
cdh1,Periportal,True
rpl27-ps3,Pericentral,True
mat1a,Periportal,True
got1,Periportal,True
slc38a2,Periportal,True
c9,Periportal,True
lpin2,Pericentral,True
cdo1,Pericentral,True
mt-nd4l,Periportal,True
etnk2,Periportal,True
bnip3,Pericentral,True
dnaja1,Pericentral,True
eci2,Pericentral,True
sord,Pericentral,True
id2,Periportal,True
gch1,Pericentral,True
nr1i3,Pericentral,True
hist1h1c,Pericentral,True
leap2,Pericentral,True
aspg,Periportal,True
aqp9,Pericentral,True
rapgef4,Pericentral,True
amdhd1,Periportal,True
ak4,Periportal,True
agxt,Periportal,True
akr1c14,Pericentral,True
gm5239,Pericentral,True
phyh,Pericentral,True
rpl23a-ps3,Pericentral,True
hsp90b1,Periportal,True
gm17430,Pericentral,True
gm7808,Pericentral,True
gm10263,Pericentral,True
ehhadh,Pericentral,True
abcc2,Pericentral,True
acox1,Pericentral,True
ddc,Periportal,True
hsd11b1,Periportal,True
elovl5,Periportal,True
man2a1,Periportal,True
fmo1,Pericentral,True
khk,Periportal,True
gabarapl1,Pericentral,True
cldn1,Periportal,True
ugt2b35,Pericentral,True
hspe1,Pericentral,True
slc37a4,Periportal,True
mtss1,Periportal,True
atp1a1,Periportal,True
s100a10,Pericentral,True
slc16a12,Pericentral,True
rcl1,Pericentral,True
rpl13-ps3,Pericentral,True
pnp,Pericentral,True
abcg8,Pericentral,True
pex11a,Pericentral,True
odc1,Periportal,True
atp1b1,Periportal,True
coa6,Pericentral,True
baat,Pericentral,True
iqgap2,Pericentral,True
ddt,Pericentral,True
keg1,Midzone,True
slc9a3r1,Pericentral,True
cxadr,Periportal,True
tuba4a,Periportal,True
il1rap,Periportal,True
pdia3,Periportal,True
mcfd2,Periportal,True
tst,Pericentral,True
hsd17b4,Pericentral,True
atp2a2,Periportal,True
cml1,Periportal,True
gm2788,Pericentral,True
gjb1,Periportal,True
n4bp2l1,Periportal,True
scamp1,Periportal,True
gne,Pericentral,True
adhfe1,Pericentral,True
dnajc3,Periportal,True
acsl1,Pericentral,True
fbxo21,Pericentral,True
slc25a13,Pericentral,True
slc40a1,Periportal,True
dnajb11,Periportal,True
ethe1,Periportal,True
fdps,Pericentral,True
mgll,Pericentral,True
smarca2,Pericentral,True
mmd,Pericentral,True
hsd17b2,Periportal,True
ppib,Periportal,True
gm14403,Pericentral,True
tars,Periportal,True
c1s1,Periportal,True
slc10a1,Periportal,True
gde1,Pericentral,True
decr2,Pericentral,True
ppa1,Periportal,True
pxdc1,Pericentral,True
pfkfb3,Pericentral,True
pygl,Periportal,True
rxra,Pericentral,True
ubxn4,Pericentral,True
enpp2,Periportal,True
camk2n1,Periportal,True
slc25a10,Pericentral,True
anp32a,Pericentral,True
camk1d,Midzone,True
gfra1,Pericentral,True
pptc7,Periportal,True
serpina6,Pericentral,True
ptp4a2,Pericentral,True
slc30a10,Periportal,True
ctsb,Periportal,True
bbox1,Pericentral,True
sqle,Periportal,True
stra6l,Periportal,True
wbp1l,Periportal,True
anxa7,Pericentral,True
ap3m1,Pericentral,True
tle1,Pericentral,True
efhd2,Pericentral,True
nfix,Pericentral,True
mknk2,Periportal,True
prkd3,Pericentral,True
ubb,Pericentral,True
dbt,Pericentral,True
homer2,Periportal,True
fpgs,Pericentral,True
sco2,Periportal,True
eps8l2,Pericentral,True
proc,Periportal,True
march8,Pericentral,True
rcbtb1,Pericentral,True
pdxk,Pericentral,True
col27a1,Pericentral,True
lman1,Periportal,True
aco2,Periportal,True
haao,Periportal,True
prdx6,Pericentral,True
pklr,Periportal,True
slc4a4,Pericentral,True
tfpi2,Pericentral,True
tubb5,Pericentral,True
deptor,Periportal,True
hadhb,Pericentral,True
hspd1,Pericentral,True
mia3,Pericentral,True
acot12,Pericentral,True
abcg5,Pericentral,True
ogdh,Periportal,True
fam107b,Pericentral,True
prpsap1,Periportal,True
jade1,Periportal,True
plbd2,Periportal,True
fech,Pericentral,True
tspan4,Periportal,True
azin1,Pericentral,True
kif1b,Pericentral,True
rnf5,Pericentral,True
gns,Periportal,True
serinc3,Periportal,True
hacd3,Pericentral,True
zranb2,Pericentral,True
pnpla8,Pericentral,True
mrap,Pericentral,True
xbp1,Periportal,True
uri1,Pericentral,True
tmem176b,Periportal,True
tm4sf4,Periportal,True
abca8a,Periportal,True
hadh,Pericentral,True
fam47e,Periportal,True
gpx4,Pericentral,True
fitm2,Pericentral,True
hes6,Periportal,True
wwp1,Pericentral,True
tfg,Pericentral,True
pglyrp2,Periportal,True
irf7,Periportal,True
slc8b1,Periportal,True
dcun1d1,Pericentral,True
sar1b,Pericentral,True
cry1,Periportal,True
mut,Pericentral,True
ostc,Periportal,True
tapbp,Periportal,True
1600002h07rik,Periportal,True
rbms1,Pericentral,True
mocs1,Pericentral,True
hsdl2,Pericentral,True
sox9,Periportal,True
1810055g02rik,Pericentral,True
plcxd2,Pericentral,True
gss,Periportal,True
aqp11,Periportal,True
tram1,Periportal,True
smoc1,Periportal,True
4732465j04rik,Pericentral,True
lipg,Pericentral,True
ebpl,Pericentral,True
car14,Periportal,True
pomp,Pericentral,True
aox1,Pericentral,True
aspdh,Midzone,True
epas1,Periportal,True
srd5a1,Periportal,True
vdac2,Periportal,True
rbfa,Periportal,True
rap2a,Pericentral,True
ralgapa2,Periportal,True
adora1,Periportal,True
nceh1,Pericentral,True
fam126b,Pericentral,True
naa60,Pericentral,True
dcxr,Pericentral,True
psma1,Pericentral,True
h2afv,Pericentral,True
1110008f13rik,Pericentral,True
wdr26,Pericentral,True
zwint,Pericentral,True
pex5,Pericentral,True
inhba,Periportal,True
psme1,Pericentral,True
aldoa,Periportal,True
nlrp12,Pericentral,True
mafg,Periportal,True
lonp2,Pericentral,True
mydgf,Periportal,True
hmgn1,Pericentral,True
atp6v1e1,Periportal,True
cd82,Periportal,True
tango2,Pericentral,True
wrnip1,Pericentral,True
mmp15,Periportal,True
cgn,Periportal,True
ppargc1a,Periportal,True
slc46a3,Periportal,True
sdr9c7,Periportal,True
trip4,Pericentral,True
sidt2,Periportal,True
clock,Periportal,True
shb,Periportal,True
csrp3,Pericentral,True
rrs1,Pericentral,True
nmrk1,Periportal,True
helz2,Periportal,True
cmas,Pericentral,True
sec23a,Pericentral,True
esrra,Periportal,True
litaf,Periportal,True
sept9,Periportal,True
nav2,Pericentral,True
psmc3,Pericentral,True
fam102a,Pericentral,True
cdk18,Periportal,True
desi2,Periportal,True
ubqln1,Pericentral,True
gpd2,Pericentral,True
apol7a,Pericentral,True
1190002n15rik,Periportal,True
foxn3,Pericentral,True
nploc4,Pericentral,True
cyp2j6,Pericentral,True
pla2g12a,Pericentral,True
tor1b,Periportal,True
aspscr1,Pericentral,True
slc25a20,Pericentral,True
mpp1,Pericentral,True
gm11967,Pericentral,True
mrpl28,Pericentral,True
baiap2l1,Periportal,True
dnajc21,Pericentral,True
dclre1a,Pericentral,True
mapre2,Periportal,True
jak1,Periportal,True
csnk1g2,Periportal,True
rpl7l1,Periportal,True
trim24,Pericentral,True
gabarap,Pericentral,True
cobll1,Pericentral,True
pfkfb1,Pericentral,True
glyr1,Pericentral,True
clip1,Pericentral,True
zfp707,Periportal,True
mad2l2,Periportal,True
fmo2,Pericentral,True
gapvd1,Periportal,True
tpst1,Periportal,True
syt1,Pericentral,True
rasgef1b,Periportal,True
fyttd1,Pericentral,True
slc25a11,Periportal,True
gnl1,Periportal,True
ankrd46,Periportal,True
plekha8,Periportal,True
ube2z,Periportal,True
rfc2,Pericentral,True
tns2,Periportal,True
ttc3,Pericentral,True
1700017b05rik,Periportal,True
htatip2,Pericentral,True
map2k1,Pericentral,True
wwtr1,Pericentral,True
rab32,Periportal,True
celsr1,Periportal,True
9530068e07rik,Periportal,True
fam136a,Pericentral,True
slc35c2,Periportal,True
rras,Periportal,True
slc22a23,Pericentral,True
mul1,Periportal,True
plcg1,Pericentral,True
ybx3,Periportal,True
acot3,Pericentral,True
clptm1l,Pericentral,True
snx9,Pericentral,True
fastk,Periportal,True
enpp1,Pericentral,True
